time,base_x,base_y,base_z,base_quat_x,base_quat_y,base_quat_z,base_quat_w,base_lin_x,base_lin_y,base_lin_z,base_ang_x,base_ang_y,base_ang_z,q0,q1,q2,q3,q4,q5,q6,q7,q8,q9,q10,q11,dq0,dq1,dq2,dq3,dq4,dq5,dq6,dq7,dq8,dq9,dq10,dq11,contact_LF,contact_RF,contact_LH,contact_RH
0,0,0,0.3,0,0,0,1,0,0,0,0,0,0,0.0108173,0.786541,-1.57308,-0.0108173,0.786541,-1.57308,0.0108173,0.786541,-1.57308,-0.0108173,0.786541,-1.57308,0,0,0,0,0,0,0,0,0,0,0,0,1,1,1,1,
0.02,0.000330842,-0.000212429,0.300647,0.00132958,0.000409367,-0.00120829,0.999998,0.032845,-0.0210619,0.0629819,0.246542,0.0825758,-0.224624,0.0103443,0.785206,-1.56777,-0.0112503,0.78517,-1.57186,0.00732093,0.785013,-1.56739,-0.0142552,0.783312,-1.56815,-0.023648,-0.0667599,0.265733,-0.0216472,-0.0685538,0.0609908,-0.174819,-0.0764315,0.284645,-0.171896,-0.161472,0.246562,1,1,1,1,
0.04,0.00130423,-0.000835233,0.30245,0.00454422,0.00166411,-0.00415347,0.99998,0.0642545,-0.0410375,0.115503,0.377238,0.169079,-0.347346,0.00950969,0.781395,-1.55371,-0.0119382,0.781509,-1.56817,-0.000806809,0.780003,-1.55104,-0.0222103,0.774428,-1.55407,-0.0417328,-0.19055,0.702668,-0.0343985,-0.183078,0.184568,-0.406387,-0.250471,0.817394,-0.397751,-0.444174,0.703859,1,1,1,1,
0.06,0.00289145,-0.00184669,0.305198,0.00848582,0.00380843,-0.00781916,0.999926,0.0942285,-0.0599269,0.157564,0.392552,0.26101,-0.367986,0.00916687,0.775355,-1.53371,-0.0119913,0.776199,-1.56192,-0.010046,0.770793,-1.52502,-0.031168,0.76104,-1.53184,-0.0171409,-0.302024,1.00035,-0.00265439,-0.265496,0.312369,-0.461961,-0.460519,1.30087,-0.447889,-0.669404,1.11176,1,1,1,1,
0.08,0.0050638,-0.00322507,0.308682,0.0119937,0.00691102,-0.0111855,0.999842,0.122767,-0.07773,0.189164,0.292288,0.36144,-0.285113,0.0102422,0.767341,-1.51059,-0.0105054,0.769827,-1.55306,-0.0169077,0.756645,-1.49026,-0.0376562,0.744205,-1.50233,0.0537673,-0.400671,1.15589,0.0742951,-0.318575,0.443389,-0.343082,-0.707385,1.73842,-0.324409,-0.841771,1.47568,1,1,1,1,
0.1,0.00779257,-0.00494864,0.312694,0.0138954,0.011069,-0.0132187,0.999755,0.14987,-0.0944468,0.210303,0.0754888,0.472638,-0.0958985,0.013818,0.757683,-1.48737,-0.0065,0.762921,-1.54157,-0.0179291,0.736872,-1.44764,-0.038242,0.724844,-1.46628,0.178787,-0.482883,1.16122,0.20027,-0.345286,0.574464,-0.0510717,-0.988677,2.13078,-0.0292865,-0.968051,1.80223,1,1,1,1,
0.12,0.0110525,-0.00697653,0.317029,0.0134463,0.0160835,-0.013091,0.999695,0.176056,-0.107202,0.22156,-0.126771,0.501739,0.13073,0.0204329,0.746976,-1.466,0.000436087,0.756189,-1.52712,-0.0109017,0.711944,-1.39873,-0.0307584,0.704527,-1.42514,0.330744,-0.535397,1.06828,0.346805,-0.336607,0.722279,0.351371,-1.24639,2.44561,0.374177,-1.01583,2.05721,1,1,1,1,
0.14,0.0148321,-0.00919115,0.321495,0.0116842,0.0205196,-0.0108919,0.999662,0.201842,-0.113121,0.223512,-0.181567,0.354755,0.319972,0.0278102,0.736517,-1.44356,0.00801741,0.75124,-1.50779,0.00157453,0.688458,-1.35686,-0.0179665,0.688179,-1.38386,0.368868,-0.522926,1.12198,0.379066,-0.247443,0.966383,0.623811,-1.17426,2.09336,0.639597,-0.817415,2.06364,1,1,0,1,
0.16,0.0191235,-0.0114558,0.325907,0.0101166,0.0226315,-0.00697554,0.999668,0.227228,-0.112202,0.216159,-0.0849149,0.0330901,0.467318,0.0329212,0.727697,-1.41567,0.0132933,0.74985,-1.48112,0.0178882,0.692166,-1.46804,-0.00370568,0.681965,-1.34891,0.255552,-0.440978,1.39456,0.263792,-0.0695445,1.33387,0.815683,0.18539,-5.55892,0.71304,-0.310674,1.74784,1,1,0,1,
0.18,0.0239186,-0.0136337,0.330079,0.0102986,0.0206954,-0.0017175,0.999731,0.252215,-0.104447,0.199501,0.170167,-0.458799,0.572915,0.0327275,0.721704,-1.37758,0.0133412,0.753606,-1.44438,0.0349378,0.685958,-1.65992,0.00839046,0.692653,-1.32739,-0.00968957,-0.299682,1.90425,0.002397,0.187812,1.83665,0.852479,-0.310393,-9.59415,0.604807,0.534366,1.0757,1,1,0,1,
0.2,0.0292095,-0.0155881,0.333825,0.0138482,0.0130295,0.00455221,0.999809,0.276802,-0.0898551,0.173539,0.592541,-1.11431,0.646824,0.0242282,0.719233,-1.32391,0.00525716,0.763743,-1.39451,0.0470708,0.64142,-1.80994,0.0149095,0.727625,-1.32673,-0.424964,-0.123528,2.68381,-0.404202,0.50688,2.49362,0.60665,-2.22695,-7.50065,0.325951,1.74862,0.0329984,1,1,0,1,
0.22,0.0349929,-0.0171821,0.336993,0.0217649,-0.00101506,0.0114899,0.999697,0.301719,-0.0684043,0.143496,0.982498,-1.63362,0.665848,0.00603341,0.719811,-1.25106,-0.0123672,0.780025,-1.33001,0.0462314,0.597889,-1.85797,0.0137411,0.790668,-1.35006,-0.909738,0.0288953,3.64261,-0.881217,0.814074,3.22511,-0.0419688,-2.17655,-2.40187,-0.0584203,3.15215,-1.16629,1,1,0,1,
0.24,0.0412853,-0.0182784,0.339573,0.0322902,-0.0181637,0.0181686,0.999148,0.327696,-0.0400729,0.114597,1.11918,-1.73043,0.578643,-0.0171996,0.721672,-1.16686,-0.0350662,0.79857,-1.25802,0.0259762,0.520285,-1.74859,0.00695093,0.869252,-1.3851,-1.16165,0.0930268,4.20995,-1.13495,0.92726,3.59927,-1.01276,-3.88016,5.46913,-0.339507,3.92918,-1.75228,1,1,0,1,
0.26,0.0481078,-0.0187392,0.341585,0.0428109,-0.034265,0.0232722,0.998224,0.354733,-0.00486072,0.0868432,0.983484,-1.4173,0.353477,-0.0404973,0.732486,-1.12167,-0.0571904,0.815956,-1.18919,-0.00688114,0.373777,-1.49873,-0.00307129,0.946155,-1.41682,-1.16489,0.540698,2.25923,-1.10621,0.869295,3.44159,-1.64287,-7.32544,12.493,-0.501111,3.84516,-1.58598,0,1,0,1,
0.28,0.0554817,-0.0184269,0.343054,0.0505845,-0.0452851,0.0251822,0.997375,0.382829,0.0372321,0.0602332,0.568975,-0.700817,-0.03798,-0.0613553,0.770569,-1.22627,-0.0733837,0.830383,-1.13598,-0.0364739,0.214477,-1.1935,-0.0149273,1.00339,-1.43183,-1.0429,1.90415,-5.22973,-0.809664,0.721336,2.66043,-1.47964,-7.96496,15.2617,-0.5928,2.86158,-0.750341,0,1,0,1,
0.3,0.0634281,-0.017204,0.344002,0.0528866,-0.0472294,0.022107,0.997238,0.411986,0.0862057,0.0347674,-0.111211,0.425335,-0.599674,-0.0732525,0.801893,-1.41423,-0.0785306,0.841137,-1.11227,-0.0514804,0.113815,-0.982835,-0.027815,1.02214,-1.41761,-0.594863,1.5662,-9.39821,-0.257345,0.537721,1.18574,-0.750322,-5.03314,10.533,-0.644386,0.937434,0.710885,0,1,0,1,
0.32,0.0719607,-0.0149859,0.344455,0.0480048,-0.0375529,0.0130016,0.998056,0.441086,0.134105,0.0109373,-0.782736,1.50132,-1.12476,-0.0686324,0.794898,-1.61528,-0.0694531,0.847847,-1.12642,-0.0497631,0.124403,-0.987155,-0.0404573,0.989748,-1.36509,0.231005,-0.349746,-10.0527,0.453872,0.335517,-0.70765,0.085866,0.529445,-0.216024,-0.632116,-1.61938,2.62606,0,1,1,1,
0.34,0.0810637,-0.0119,0.344454,0.0376511,-0.0198527,-0.000367552,0.999094,0.469015,0.172974,-0.0107657,-1.19831,2.05457,-1.41524,-0.0464082,0.744534,-1.77524,-0.0499223,0.851314,-1.16472,-0.0410078,0.127415,-0.994429,-0.0513227,0.920653,-1.28201,1.11121,-2.5182,-7.99781,0.976542,0.173343,-1.91493,0.437765,0.150561,-0.363693,-0.543266,-3.45476,4.15421,0,1,1,1,
0.36,0.0907135,-0.0081271,0.344039,0.024246,0.000667144,-0.0155732,0.999584,0.495772,0.202815,-0.0303415,-1.38931,2.0738,-1.48745,-0.0099842,0.677609,-1.86243,-0.0252529,0.852814,-1.20846,-0.029426,0.127852,-1.00159,-0.0595268,0.836108,-1.18086,1.8212,-3.34621,-4.3592,1.23347,0.0749961,-2.18708,0.57909,0.0218878,-0.358105,-0.410207,-4.22721,5.05751,0,1,1,1,
0.38,0.100887,-0.00384765,0.343254,0.00987233,0.0186206,-0.0304996,0.999313,0.521358,0.223625,-0.0477901,-1.40716,1.53973,-1.37974,0.0304763,0.585738,-1.84694,-0.000526793,0.854621,-1.24059,-0.0184298,0.139893,-1.02127,-0.0656662,0.757928,-1.0774,2.02303,-4.59359,0.774124,1.23631,0.09032,-1.60652,0.549807,0.602052,-0.983743,-0.306968,-3.90905,5.17289,0,1,1,1,
0.4,0.11156,0.000757716,0.342142,-0.00382726,0.0284139,-0.0435168,0.998641,0.545771,0.235406,-0.0631117,-1.30641,0.433533,-1.12967,0.0663276,0.447222,-1.72223,0.0195424,0.859678,-1.24521,-0.0109875,0.178311,-1.06626,-0.0717288,0.709938,-0.993465,1.79256,-6.92578,6.23571,1.00346,0.252854,-0.230694,0.37212,1.92088,-2.2495,-0.303131,-2.39948,4.19671,0,1,1,1,
0.42,0.122713,0.00552103,0.340731,-0.0158451,0.0260276,-0.053692,0.998093,0.569482,0.240052,-0.0782647,-1.18282,-0.732115,-0.839316,0.0920497,0.306132,-1.51535,0.0317146,0.869526,-1.21095,-0.0091262,0.253209,-1.14362,-0.080162,0.712006,-0.951973,1.2861,-7.0545,10.3441,0.608606,0.492436,1.71278,0.0930627,3.74489,-3.86805,-0.421661,0.103422,2.07464,0,1,1,0,
0.44,0.134338,0.0103248,0.338999,-0.0262969,0.0143377,-0.0612293,0.997674,0.592957,0.239455,-0.0952076,-1.07088,-1.43258,-0.57861,0.107649,0.187381,-1.27339,0.0367384,0.881652,-1.14519,-0.0124103,0.354728,-1.24081,-0.0881811,0.785183,-1.07704,0.779976,-5.93755,12.0979,0.251192,0.606304,3.28823,-0.164203,5.07598,-4.85969,-0.400957,3.65884,-6.25328,0,1,1,0,
0.46,0.14643,0.0150643,0.336911,-0.0352849,-0.00200915,-0.0663192,0.997172,0.616196,0.233615,-0.113941,-0.936025,-1.66604,-0.331377,0.114374,0.120021,-1.07254,0.0361139,0.89294,-1.05969,-0.0198472,0.468717,-1.3427,-0.0934241,0.883948,-1.32883,0.336248,-3.36801,10.0426,-0.0312258,0.564365,4.27497,-0.371849,5.69941,-5.09439,-0.262146,4.93823,-12.5897,0,1,1,0,
0.48,0.158984,0.0196345,0.33443,-0.0427244,-0.0183314,-0.0689521,0.996536,0.639201,0.222533,-0.134464,-0.76173,-1.4306,-0.0905924,0.112679,0.155277,-1.03044,0.0311214,0.901638,-0.967061,-0.0302199,0.581371,-1.43662,-0.0948891,0.940312,-1.58239,-0.0847359,1.76283,2.10467,-0.249625,0.434924,4.63121,-0.518634,5.63274,-4.69593,-0.0732541,2.8182,-12.6781,1,1,1,0,
0.5,0.171996,0.0239306,0.33152,-0.0484929,-0.0299235,-0.0690249,0.995986,0.661969,0.206209,-0.156776,-0.547213,-0.723529,0.144596,0.104269,0.232498,-1.07727,0.0229806,0.908091,-0.882145,-0.0417053,0.6784,-1.51163,-0.0915285,0.923618,-1.77179,-0.420506,3.86106,-2.34115,-0.407038,0.32265,4.24584,-0.57427,4.85141,-3.75077,0.168032,-0.834699,-9.46979,1,1,1,0,
0.52,0.185454,0.0278351,0.328198,-0.0525981,-0.0331901,-0.0665015,0.995846,0.68349,0.182728,-0.173135,-0.341975,0.120294,0.354831,0.0909422,0.303054,-1.14958,0.0130695,0.914263,-0.818337,-0.0518458,0.748084,-1.56026,-0.0838082,0.848474,-1.86713,-0.666353,3.52776,-3.61566,-0.495556,0.308568,3.19036,-0.507022,3.48424,-2.43149,0.386015,-3.7572,-4.76681,1,1,1,0,
0.54,0.199321,0.0311793,0.324686,-0.0553666,-0.0290251,-0.06178,0.99613,0.702752,0.150179,-0.175793,-0.19257,0.76486,0.518126,0.0738713,0.366327,-1.2394,0.00300774,0.920094,-0.772056,-0.058695,0.792473,-1.58503,-0.0721026,0.762129,-1.86769,-0.853545,3.16366,-4.4911,-0.503088,0.291564,2.31405,-0.342461,2.21943,-1.23847,0.585279,-4.31723,-0.0282976,1,1,1,0,
0.56,0.213549,0.0337818,0.321258,-0.0572197,-0.0194283,-0.0554115,0.996633,0.719754,0.108561,-0.164751,-0.098905,1.21049,0.630715,0.0545498,0.422522,-1.33591,-0.00554913,0.923818,-0.734081,-0.0609419,0.817106,-1.59005,-0.0440995,0.600873,-1.76427,-0.966075,2.80974,-4.82537,-0.427844,0.186211,1.89877,-0.112347,1.23163,-0.251064,1.40016,-8.06281,5.17122,1,1,1,0,
0.58,0.228096,0.0354613,0.318187,-0.0585623,-0.00639286,-0.0479872,0.997109,0.734496,0.0578729,-0.14001,-0.05569,1.4563,0.691062,0.0348922,0.472661,-1.43038,-0.0110472,0.922885,-0.694578,-0.057843,0.827422,-1.57873,-0.0100919,0.388613,-1.5687,-0.982884,2.507,-4.72364,-0.274903,-0.0466541,1.97517,0.154944,0.51581,0.566073,1.70038,-10.613,9.77844,1,1,1,0,
0.6,0.242914,0.0360363,0.315749,-0.059745,0.00808391,-0.0401279,0.997374,0.746978,-0.00188391,-0.101569,-0.0544296,1.5009,0.699123,0.0173367,0.518524,-1.51575,-0.0115082,0.941712,-0.720227,-0.0491785,0.828708,-1.55405,0.0199675,0.169585,-1.31276,-0.877775,2.2931,-4.26854,-0.0230531,0.941351,-1.28245,0.433227,0.0643145,1.23401,1.50297,-10.9514,12.7967,1,0,1,0,
0.62,0.257961,0.035379,0.314131,-0.0608945,0.0220888,-0.0323816,0.997374,0.757451,-0.0626802,-0.0621972,-0.0389301,1.36993,0.679978,0.0041469,0.562332,-1.58669,-0.00613494,1.0413,-1.01138,-0.0355072,0.826006,-1.51905,0.0425911,-0.0160142,-1.05515,-0.659488,2.19044,-3.54673,0.268665,4.97943,-14.5578,0.683566,-0.135105,1.75002,1.13118,-9.27994,12.8807,1,0,1,0,
0.64,0.273201,0.0335757,0.313182,-0.0614734,0.0340748,-0.0249589,0.997215,0.766166,-0.116486,-0.0346623,0.0441387,1.09177,0.654466,-0.00492535,0.606431,-1.64119,-0.000194863,1.1194,-1.35872,-0.0190527,0.823994,-1.47782,0.0561797,-0.104656,-0.911338,-0.453613,2.20492,-2.72512,0.297004,3.90515,-17.367,0.822724,-0.10059,2.06136,0.679429,-4.43207,7.19063,1,0,1,0,
0.66,0.288596,0.0307661,0.312665,-0.0607595,0.0426058,-0.0180077,0.99708,0.773122,-0.163302,-0.0189647,0.199876,0.668978,0.619165,-0.0109765,0.652823,-1.6777,0.00268573,1.12432,-1.65358,-0.00232354,0.827648,-1.435,0.0623199,-0.0563619,-0.961297,-0.302557,2.31961,-1.8255,0.14403,0.245818,-14.7427,0.836459,0.182708,2.14123,0.307011,2.41468,-2.49792,1,0,1,1,
0.68,0.304114,0.0270902,0.312344,-0.0579994,0.0462651,-0.0116691,0.997176,0.778321,-0.203127,-0.0151043,0.433348,0.10404,0.575352,-0.0154742,0.702866,-1.69423,0.00130348,1.05032,-1.84783,0.0123812,0.842448,-1.39558,0.0674227,0.0146368,-1.03482,-0.224885,2.50216,-0.826421,-0.0691126,-3.69991,-9.71245,0.735237,0.739969,1.97111,0.255141,3.54994,-3.67603,1,0,1,1,
0.7,0.319717,0.0226877,0.311982,-0.0524039,0.0436467,-0.00601932,0.997654,0.781761,-0.235962,-0.0230812,0.749992,-0.600579,0.531034,-0.0203732,0.756979,-1.68833,-0.00304788,0.946873,-1.92486,0.0230519,0.874372,-1.36484,0.0700905,0.102156,-1.12082,-0.244952,2.70566,0.29486,-0.217568,-5.17241,-3.85178,0.533533,1.59621,1.53705,0.133388,4.37595,-4.30027,1,0,1,1,
0.72,0.335381,0.0176964,0.311396,-0.0434346,0.0340195,-0.00105019,0.998476,0.784677,-0.26209,-0.0348759,1.06647,-1.24152,0.479202,-0.0274649,0.813813,-1.65853,-0.00843179,0.819135,-1.89856,0.0285752,0.927269,-1.34593,0.068975,0.209026,-1.22153,-0.354583,2.84171,1.49002,-0.269195,-6.38691,1.3152,0.276165,2.64486,0.945201,-0.0557733,5.34349,-5.03524,1,0,1,1,
0.74,0.351109,0.0122469,0.310615,-0.0317332,0.0193263,0.00314732,0.999305,0.788303,-0.281795,-0.0424691,1.28684,-1.62066,0.402075,-0.0362243,0.869136,-1.60882,-0.0164716,0.601891,-1.76715,0.030122,0.994925,-1.33345,0.0651082,0.329549,-1.32912,-0.437968,2.76612,2.48536,-0.401988,-10.8622,6.57016,0.0773419,3.38279,0.624118,-0.193343,6.02616,-5.37974,1,0,1,1,
0.76,0.366917,0.00646747,0.309725,-0.0183412,0.0021455,0.00635816,0.999809,0.792639,-0.295076,-0.0458608,1.39793,-1.74366,0.289575,-0.0453482,0.919302,-1.54483,-0.0273339,0.360696,-1.53449,0.0290889,1.06833,-1.32017,0.0600292,0.456346,-1.43474,-0.456197,2.50831,3.19956,-0.54312,-12.0597,11.633,-0.0516572,3.67035,0.664118,-0.253949,6.33985,-5.28102,1,0,0,1,
0.78,0.38282,0.00048666,0.308809,-0.00441549,-0.0149856,0.00819555,0.999844,0.797685,-0.301934,-0.0450509,1.39019,-1.61542,0.12505,-0.0532972,0.962253,-1.47242,-0.0381336,0.144924,-1.24755,0.0256364,1.14261,-1.39404,0.0550254,0.582024,-1.53066,-0.397449,2.14756,3.62052,-0.539982,-10.7886,14.3471,-0.172622,3.71369,-3.69347,-0.250191,6.28391,-4.79577,1,0,0,1,
0.8,0.39883,-0.00556707,0.307951,0.00881699,-0.0295716,0.00806894,0.999491,0.803442,-0.302368,-0.0400395,1.26123,-1.23857,-0.1091,-0.0583909,0.997258,-1.39755,-0.0443721,0.00216239,-1.00508,0.0202711,1.19389,-1.5683,0.0508573,0.698505,-1.6098,-0.254683,1.75026,3.74336,-0.311924,-7.13806,12.1237,-0.268266,2.56404,-8.71321,-0.208406,5.82407,-3.95706,1,0,0,1,
0.82,0.414964,-0.0115541,0.30722,0.0203403,-0.0396615,0.00546153,0.998991,0.810212,-0.294706,-0.0330691,1.07796,-0.766807,-0.347808,-0.0595521,1.02455,-1.32494,-0.0421131,0.0147652,-0.974936,0.0147255,1.17972,-1.75057,0.04737,0.798496,-1.66708,-0.0580596,1.36457,3.63065,0.112949,0.63014,1.50706,-0.277282,-0.708162,-9.11358,-0.174361,4.99951,-2.86406,1,1,0,1,
0.84,0.431247,-0.0172902,0.306626,0.0300412,-0.0453437,0.000817209,0.998519,0.818302,-0.277275,-0.0263819,0.90899,-0.351022,-0.511777,-0.0580175,1.0449,-1.25443,-0.0330437,0.102451,-1.06249,0.011369,1.08736,-1.87738,0.0434669,0.881618,-1.70371,0.0767282,1.0177,3.52567,0.453468,4.3843,-4.37773,-0.167824,-4.61827,-6.3404,-0.195159,4.1561,-1.83147,1,1,0,1,
0.86,0.447705,-0.0225799,0.306163,0.0380862,-0.0471697,-0.00511154,0.998147,0.82771,-0.250073,-0.0199781,0.757682,0.0117778,-0.595492,-0.0554304,1.05889,-1.1848,-0.0202814,0.18217,-1.14856,0.0107749,0.953971,-1.92318,0.0382239,0.949109,-1.72195,0.129354,0.699437,3.4814,0.638118,3.98594,-4.30365,-0.029705,-6.66932,-2.28986,-0.262146,3.37457,-0.911927,1,1,0,1,
0.88,0.464364,-0.027228,0.305825,0.0446688,-0.045649,-0.0115167,0.997892,0.838436,-0.213103,-0.0138577,0.623673,0.323248,-0.594556,-0.053192,1.06688,-1.11513,-0.00627368,0.255477,-1.23194,0.00993832,0.841118,-1.89897,0.031226,1.0021,-1.72362,0.111922,0.399523,3.48353,0.700384,3.66534,-4.16863,-0.0418284,-5.64269,1.21016,-0.349895,2.64934,-0.0837014,1,1,0,1,
0.9,0.481251,-0.0310389,0.305607,0.0499726,-0.0412629,-0.0175443,0.997744,0.850481,-0.166363,-0.00802058,0.503987,0.584036,-0.505584,-0.0523886,1.06915,-1.04482,0.00650504,0.323814,-1.31162,0.00841645,0.658737,-1.78684,0.0226483,1.04174,-1.71023,0.0401684,0.113179,3.51561,0.638936,3.41687,-3.984,-0.0760932,-9.11904,5.60683,-0.428885,1.98225,0.669441,1,1,0,1,
0.92,0.498383,-0.0338434,0.305511,0.0541004,-0.0344426,-0.0225142,0.997687,0.862546,-0.113757,-0.00113441,0.38364,0.807755,-0.389339,-0.0535617,1.06585,-0.973311,0.0161325,0.38832,-1.38674,0.00787033,0.419673,-1.58228,0.0130821,1.06895,-1.68281,-0.058656,-0.165042,3.57527,0.481372,3.22528,-3.75623,-0.0273062,-11.9532,10.2279,-0.478314,1.3606,1.37122,1,1,0,1,
0.94,0.515744,-0.0355762,0.305577,0.0569406,-0.0254816,-0.0265624,0.997699,0.873332,-0.0591918,0.00813324,0.24923,1.00742,-0.30659,-0.0550349,1.06709,-0.939284,0.0229095,0.449231,-1.45656,0.00807303,0.174115,-1.31185,0.00274884,1.08328,-1.64136,-0.0736588,0.0621081,1.70133,0.338853,3.04553,-3.49074,0.0101352,-12.2779,13.5213,-0.516661,0.716567,2.07265,0,1,0,1,
0.96,0.533308,-0.036198,0.305853,0.0583259,-0.0146482,-0.0300083,0.997739,0.882838,-0.00266543,0.0197824,0.0996207,1.18236,-0.254634,-0.0490322,1.11366,-1.11634,0.0275346,0.506522,-1.5202,0.00829199,-0.0368556,-1.03299,-0.00825474,1.08411,-1.58553,0.300134,2.32848,-8.85292,0.231254,2.86457,-3.18207,0.0109476,-10.5485,13.9431,-0.550179,0.0413551,2.79112,0,1,0,1,
0.98,0.551049,-0.0356697,0.306385,0.0580903,-0.00221782,-0.0331458,0.997758,0.891065,0.0558215,0.033813,-0.0653739,1.33215,-0.23081,-0.0349356,1.14837,-1.38533,0.0305455,0.560073,-1.57669,0.00731477,-0.149182,-0.864145,-0.0198074,1.07095,-1.51473,0.704831,1.73549,-13.4492,0.150543,2.67754,-2.82457,-0.0488605,-5.6163,8.44231,-0.577631,-0.657898,3.54015,0,1,0,1,
1,0.568942,-0.0339521,0.307221,0.0560788,0.0115307,-0.0362455,0.997702,0.898012,0.116269,0.0502251,-0.245145,1.45676,-0.23259,-0.014346,1.12099,-1.63422,0.0323534,0.609609,-1.62498,0.00366277,-0.112604,-0.906018,-0.031763,1.04333,-1.42784,1.02948,-1.3689,-12.4449,0.0903937,2.47682,-2.41476,-0.1826,1.82889,-2.09366,-0.59778,-1.38125,4.34433,0,1,1,1,
1.02,0.586957,-0.0310528,0.308384,0.0522225,0.0259683,-0.0394436,0.997518,0.90297,0.171635,0.0651255,-0.421736,1.44852,-0.229817,0.00942155,1.02434,-1.80829,0.0330536,0.655209,-1.66338,-0.000982032,-0.0635143,-0.962282,-0.0437342,1.00214,-1.32422,1.18838,-4.83221,-8.70321,0.0350125,2.27998,-1.92004,-0.23224,2.45448,-2.81318,-0.598563,-2.05929,5.18115,0,1,1,1,
1.04,0.605043,-0.0271675,0.30979,0.0467305,0.0390599,-0.0424326,0.997241,0.905229,0.214877,0.0746212,-0.58083,1.19936,-0.198101,0.029382,0.902882,-1.89017,0.0319552,0.698904,-1.68774,-0.00620229,-0.0142014,-1.01302,-0.0546174,0.954545,-1.20774,0.998021,-6.07313,-4.09433,-0.0549207,2.18478,-1.21772,-0.261013,2.46564,-2.53707,-0.544159,-2.37989,5.82428,0,1,1,1,
1.06,0.623148,-0.0225386,0.311332,0.0398522,0.0484121,-0.0448746,0.997023,0.904789,0.245996,0.078712,-0.727097,0.70877,-0.145334,0.0427109,0.766175,-1.88613,0.0286508,0.742817,-1.69329,-0.0117006,0.0420277,-1.0651,-0.0636155,0.909573,-1.08423,0.666448,-6.83536,0.202256,-0.16522,2.19564,-0.277395,-0.274918,2.81146,-2.60382,-0.449905,-2.24861,6.1754,0,1,1,1,
1.08,0.641217,-0.0174085,0.312902,0.0318038,0.0516216,-0.0465443,0.997074,0.90165,0.264991,0.0773981,-0.864543,-0.0239098,-0.080169,0.0589574,0.540851,-1.78057,0.0233929,0.788231,-1.6751,-0.017061,0.112227,-1.1253,-0.0705154,0.877129,-0.961342,0.812324,-11.2662,5.27776,-0.262895,2.27067,0.909569,-0.268016,3.50994,-3.00997,-0.344995,-1.62216,6.14425,0,1,1,1,
1.1,0.659196,-0.0120197,0.314392,0.0227809,0.0462699,-0.0473319,0.997547,0.895811,0.271862,0.0706793,-0.994717,-0.999538,-0.0103154,0.0738284,0.296175,-1.57173,0.0170201,0.835208,-1.6278,-0.0218731,0.204021,-1.20036,-0.0756582,0.86882,-0.849792,0.74355,-12.2338,10.4421,-0.31864,2.34885,2.36471,-0.240608,4.58971,-3.753,-0.257139,-0.415487,5.57753,0,1,1,1,
1.12,0.677046,-0.00658908,0.315703,0.0130011,0.031081,-0.0472951,0.998313,0.889506,0.270471,0.0599188,-1.09487,-1.86968,0.0435578,0.0826177,0.0890643,-1.29606,0.0107407,0.881538,-1.54807,-0.025931,0.322331,-1.29344,-0.0762464,0.942943,-0.923243,0.439464,-10.3555,13.7834,-0.313968,2.31652,3.98648,-0.202895,5.9155,-4.65416,-0.0294123,3.70617,-3.67254,0,1,1,0,
1.14,0.694788,-0.00123026,0.316771,0.00278169,0.00943209,-0.0467729,0.998857,0.884966,0.264678,0.0464793,-1.13919,-2.28548,0.0706447,0.0844132,-0.0393714,-1.03789,0.0056708,0.921785,-1.44332,-0.0294587,0.458933,-1.39487,-0.070936,1.0806,-1.20937,0.0897763,-6.42178,12.9087,-0.253496,2.01236,5.23778,-0.176383,6.83013,-5.07143,0.265522,6.88265,-14.3061,0,1,1,0,
1.16,0.712456,0.00396868,0.317544,-0.00750606,-0.0141128,-0.0460352,0.998812,0.882193,0.254482,0.030361,-1.12565,-2.2469,0.080555,0.0797913,-0.0206017,-0.947594,0.0020422,0.952336,-1.32428,-0.0328578,0.60183,-1.4926,-0.0616242,1.18017,-1.5187,-0.231095,0.938482,4.51474,-0.18143,1.52752,5.95169,-0.169956,7.14483,-4.88627,0.465591,4.97852,-15.4669,1,1,1,0,
1.18,0.730087,0.00891969,0.317968,-0.0174973,-0.0349743,-0.0451949,0.998212,0.881185,0.239885,0.0115637,-1.05726,-1.75332,0.083166,0.0738289,0.083142,-0.980704,-0.000442833,0.972244,-1.20281,-0.0363221,0.737823,-1.57548,-0.0495864,1.19129,-1.76088,-0.298121,5.18719,-1.65551,-0.124252,0.995401,6.07372,-0.173215,6.79966,-4.14407,0.601886,0.556112,-12.1088,1,1,1,0,
1.2,0.747716,0.0135347,0.317989,-0.0268766,-0.0485795,-0.0442081,0.997478,0.881943,0.220886,-0.00991236,-0.940738,-0.803745,0.0875283,0.0700972,0.178226,-1.02977,-0.00213958,0.982751,-1.09253,-0.0394144,0.851764,-1.63321,-0.036643,1.11549,-1.89333,-0.186584,4.75419,-2.45325,-0.0848371,0.525381,5.51412,-0.154615,5.69704,-2.88678,0.647171,-3.79013,-6.62262,1,1,1,0,
1.22,0.765372,0.0177101,0.317596,-0.0353683,-0.0515355,-0.0428478,0.997124,0.883704,0.195124,-0.0276826,-0.790959,0.252611,0.118806,0.067404,0.263348,-1.10614,-0.00327965,0.986698,-1.00563,-0.0409288,0.930092,-1.6586,-0.0246105,1.00797,-1.91145,-0.134663,4.25609,-3.81851,-0.0570038,0.197322,4.3447,-0.0757205,3.91642,-1.26958,0.601627,-5.37583,-0.905795,1,1,1,0,
1.24,0.783065,0.0212789,0.316949,-0.042615,-0.0451152,-0.040713,0.997242,0.885708,0.160239,-0.0353623,-0.616357,1.066,0.191618,0.0638899,0.338101,-1.20147,-0.00418813,0.986301,-0.939618,-0.0398313,0.973407,-1.65421,-0.00463152,0.802971,-1.82656,-0.175702,3.73768,-4.76641,-0.0454237,-0.0198238,3.30065,0.0548747,2.16572,0.21953,0.998948,-10.2499,4.24444,1,1,1,0,
1.26,0.800802,0.0240588,0.316249,-0.0482247,-0.0317478,-0.0374747,0.997628,0.887954,0.116229,-0.0329514,-0.414932,1.63698,0.295017,0.0581013,0.402613,-1.3041,-0.00506097,0.982236,-0.886954,-0.0355918,0.986895,-1.62434,0.0191947,0.517999,-1.63094,-0.289431,3.22562,-5.13169,-0.0436422,-0.203267,2.63322,0.211978,0.674401,1.4938,1.19131,-14.2486,9.78101,1,1,1,0,
1.28,0.818585,0.0258672,0.315698,-0.0518018,-0.0138543,-0.0329473,0.998018,0.890442,0.0630954,-0.0204499,-0.184247,1.96674,0.416093,0.0491274,0.457861,-1.40464,-0.00534859,0.984347,-0.874623,-0.028294,0.976555,-1.57262,0.0389902,0.219167,-1.34475,-0.448696,2.76237,-5.02674,-0.0143811,0.105543,0.61652,0.364889,-0.516963,2.586,0.989774,-14.9416,14.3095,1,0,1,0,
1.3,0.836421,0.0265218,0.315498,-0.0529519,0.00615595,-0.0270877,0.998211,0.893173,0.000837897,0.0021422,0.0786731,2.05729,0.542558,0.0365914,0.505677,-1.49551,-0.0026975,1.04304,-1.09194,-0.018584,0.948774,-1.50219,0.050654,-0.0457644,-1.02513,-0.626799,2.39079,-4.54358,0.132555,2.93466,-10.8659,0.485499,-1.38906,3.5215,0.583187,-13.2465,15.9808,1,0,1,0,
1.32,0.854309,0.0259011,0.315782,-0.0514403,0.0259018,-0.0200677,0.998138,0.895509,-0.061374,0.0244954,0.329251,1.91306,0.63498,0.0209623,0.548712,-1.57081,-0.00126751,1.09118,-1.40152,-0.00750849,0.910397,-1.41651,0.053191,-0.208386,-0.79693,-0.781455,2.15178,-3.76494,0.0714992,2.40702,-15.479,0.553776,-1.91884,4.28411,0.126853,-8.13107,11.4102,1,0,1,0,
1.34,0.872234,0.0241283,0.316407,-0.0476416,0.0430506,-0.0125041,0.997858,0.896817,-0.114371,0.0362802,0.527561,1.53605,0.666876,0.00420361,0.590842,-1.62722,-0.00432362,1.07276,-1.6812,0.00361047,0.870131,-1.32187,0.049482,-0.187842,-0.816712,-0.837935,2.10646,-2.82082,-0.152805,-0.921188,-13.9838,0.555948,-2.01332,4.73189,-0.185449,1.02718,-0.989072,1,0,1,1,
1.36,0.890175,0.0213877,0.317163,-0.042001,0.0552763,-0.005031,0.997575,0.897097,-0.158152,0.0374967,0.686193,0.924626,0.649844,-0.0115769,0.635835,-1.66171,-0.0127242,0.977229,-1.87088,0.01373,0.837665,-1.22626,0.045628,-0.127683,-0.883729,-0.789025,2.24965,-1.72418,-0.42003,-4.77636,-9.48435,0.505977,-1.6233,4.78053,-0.1927,3.00794,-3.35084,1,0,1,1,
1.38,0.908111,0.0178636,0.317837,-0.0348585,0.0602371,0.00185878,0.997574,0.896347,-0.192719,0.0281448,0.818282,0.0766384,0.596893,-0.0248074,0.686493,-1.6706,-0.023926,0.853493,-1.94877,0.0222822,0.823728,-1.13943,0.0424685,-0.0492988,-0.964421,-0.661526,2.53295,-0.444732,-0.560088,-6.18684,-3.89435,0.427611,-0.696844,4.34122,-0.157976,3.91923,-4.03464,1,0,1,1,
1.4,0.926022,0.0137404,0.318218,-0.026461,0.055562,0.00783322,0.998074,0.894569,-0.21807,0.0082245,0.934527,-1.01022,0.520331,-0.0347588,0.743982,-1.6494,-0.03265,0.731285,-1.92233,0.029197,0.840472,-1.07318,0.0399791,0.0543208,-1.06521,-0.497571,2.8744,1.05998,-0.436201,-6.1104,1.32224,0.345737,0.837192,3.3128,-0.12447,5.18098,-5.03933,1,0,1,1,
1.42,0.943895,0.00918589,0.318143,-0.0170022,0.0400332,0.0127429,0.998972,0.892865,-0.236659,-0.0151756,1.03534,-1.97916,0.431067,-0.0416864,0.8062,-1.5952,-0.039122,0.52789,-1.77938,0.0350101,0.896052,-1.03547,0.0381519,0.187022,-1.18785,-0.346379,3.11091,2.70987,-0.323598,-10.1697,7.14738,0.290657,2.77902,1.88538,-0.0913608,6.63508,-6.13217,1,0,1,1,
1.44,0.961745,0.00430271,0.317635,-0.00674229,0.0171845,0.0165891,0.999692,0.892336,-0.25094,-0.034967,1.09961,-2.47359,0.326321,-0.0464897,0.866042,-1.51521,-0.045505,0.302219,-1.52588,0.0407314,0.977614,-1.01435,0.0372606,0.338894,-1.31957,-0.240164,2.99213,3.9997,-0.319152,-11.2835,12.6749,0.286066,4.07809,1.05612,-0.044566,7.59359,-6.58584,1,0,1,1,
1.46,0.979596,-0.000822997,0.316768,0.00387201,-0.00825568,0.0192279,0.999774,0.892984,-0.260913,-0.0511498,1.10692,-2.49605,0.192844,-0.0495632,0.918093,-1.42001,-0.0513467,0.0955878,-1.2036,0.0459771,1.0915,-1.10627,0.0376802,0.497189,-1.44648,-0.153676,2.60255,4.75987,-0.292085,-10.3316,16.114,0.262284,5.69431,-4.59606,0.0209826,7.91474,-6.34555,1,0,0,1,
1.48,0.997472,-0.00610507,0.315613,0.0142543,-0.0315652,0.0203009,0.999194,0.894808,-0.266577,-0.0637239,1.04765,-2.04823,0.0157459,-0.0507005,0.960101,-1.32115,-0.0545426,-0.0546822,-0.900922,0.0490357,1.21637,-1.35853,0.0394754,0.648697,-1.55658,-0.0568661,2.10039,4.94323,-0.159794,-7.5135,15.1338,0.15293,6.24359,-12.6132,0.0897611,7.57539,-5.50509,1,0,0,1,
1.5,1.0154,-0.0114573,0.314243,0.0237898,-0.0480491,0.0192461,0.998376,0.897808,-0.267933,-0.0726893,0.926395,-1.13026,-0.217917,-0.0494334,0.992139,-1.23095,-0.0521832,-0.0576704,-0.815488,0.0486957,1.27241,-1.62644,0.0418427,0.778416,-1.63893,0.0633567,1.60187,4.50972,0.117968,-0.149413,4.2717,-0.0170026,2.80203,-13.3956,0.118363,6.48595,-4.11754,1,0,0,1,
1.52,1.03339,-0.016768,0.312738,0.0320612,-0.054273,0.0155788,0.99789,0.901731,-0.261127,-0.076767,0.793117,-0.112147,-0.448026,-0.0457282,1.01566,-1.1589,-0.0427718,0.0473382,-0.931101,0.0449944,1.2165,-1.82342,0.0428342,0.873116,-1.68624,0.185259,1.17609,3.60263,0.47057,5.25043,-5.78063,-0.18506,-2.79545,-9.84871,0.0495778,4.735,-2.36531,1,1,0,1,
1.54,1.05147,-0.0218223,0.311213,0.039183,-0.0517182,0.00977205,0.997845,0.906323,-0.242306,-0.0746778,0.689719,0.636837,-0.601616,-0.0410463,1.03218,-1.10072,-0.0282845,0.137799,-1.05754,0.0404694,1.07631,-1.91314,0.0406393,0.935304,-1.7031,0.234096,0.825738,2.90921,0.724367,4.52303,-6.32172,-0.22625,-7.00964,-4.48591,-0.109745,3.10941,-0.842867,1,1,0,1,
1.56,1.06965,-0.0263801,0.309792,0.0454065,-0.0430529,0.00265665,0.998037,0.911585,-0.21147,-0.0664218,0.611719,1.11825,-0.670595,-0.0371299,1.04212,-1.04851,-0.0108064,0.215649,-1.18343,0.0349713,0.934797,-1.90469,0.0344207,0.972204,-1.69607,0.19582,0.497487,2.61028,0.873903,3.89251,-6.29466,-0.274909,-7.07568,0.422219,-0.31093,1.84502,0.351397,1,1,0,1,
1.58,1.08794,-0.030201,0.308598,0.0509219,-0.0309139,-0.00482491,0.998212,0.917516,-0.16862,-0.051999,0.547267,1.333,-0.649037,-0.0354515,1.04524,-0.994575,0.00699743,0.28429,-1.30087,0.0265022,0.725804,-1.80177,0.0243747,0.991671,-1.67096,0.0839208,0.155553,2.69682,0.890194,3.43203,-5.87225,-0.423454,-10.4497,5.14587,-0.502305,0.973313,1.25513,1,1,0,1,
1.6,1.10635,-0.0330448,0.307753,0.0558089,-0.0179189,-0.0116406,0.998213,0.924116,-0.113755,-0.0314093,0.482332,1.2818,-0.532974,-0.0370267,1.04071,-0.931196,0.021753,0.348063,-1.40388,0.0190271,0.448244,-1.59401,0.0115638,1.00203,-1.63322,-0.0787601,-0.226161,3.16896,0.737778,3.1887,-5.15034,-0.373755,-13.878,10.3885,-0.640543,0.517812,1.88738,1,1,0,1,
1.62,1.1249,-0.0347177,0.30735,0.0599741,-0.00622307,-0.0169636,0.998036,0.930209,-0.0538615,-0.00948628,0.390409,1.10451,-0.392386,-0.0414412,1.03523,-0.87777,0.0304488,0.411021,-1.4885,0.0135527,0.163334,-1.3019,-0.00254182,1.01024,-1.58719,-0.220727,-0.27405,2.67129,0.43479,3.14787,-4.23115,-0.273718,-14.2455,14.6052,-0.705281,0.410642,2.3012,0,1,0,1,
1.64,1.14355,-0.0352123,0.307351,0.0630334,0.00382114,-0.021004,0.997783,0.934616,0.00407355,0.00893679,0.25563,0.940423,-0.298037,-0.0412847,1.09144,-1.05025,0.0336738,0.474243,-1.5558,0.00896764,-0.0862523,-0.979131,-0.0170194,1.01666,-1.53342,0.00782797,2.81059,-8.62421,0.161252,3.16112,-3.3647,-0.229254,-12.4793,16.1385,-0.723877,0.321138,2.68853,0,1,0,1,
1.66,1.16227,-0.0345678,0.307684,0.0645693,0.0123044,-0.0242347,0.997543,0.937338,0.0600502,0.0238599,0.0805238,0.789217,-0.249009,-0.0340224,1.15233,-1.34004,0.0331367,0.53748,-1.60721,0.00401491,-0.233133,-0.754183,-0.0313043,1.0201,-1.47146,0.363112,3.04432,-14.4892,-0.0268567,3.16182,-2.57079,-0.247637,-7.34406,11.2474,-0.714244,0.172056,3.09827,0,1,0,1,
1.68,1.18103,-0.0328234,0.308282,0.0641926,0.0193121,-0.0271302,0.997382,0.938375,0.114068,0.035283,-0.133188,0.650849,-0.245008,-0.0202624,1.15412,-1.61368,0.0306645,0.599939,-1.64362,-0.00247001,-0.185367,-0.807173,-0.0450533,1.01945,-1.40074,0.688002,0.0894625,-13.6819,-0.123611,3.12297,-1.82025,-0.324246,2.38835,-2.64949,-0.687451,-0.0325118,3.53606,0,1,1,1,
1.7,1.1998,-0.0300181,0.309072,0.0615328,0.0249301,-0.0301704,0.997337,0.937727,0.166128,0.0432061,-0.384486,0.525985,-0.286292,-0.00230143,1.07952,-1.80739,0.0280838,0.660432,-1.66562,-0.00880045,-0.101448,-0.906575,-0.058141,1.01356,-1.32044,0.898047,-3.72985,-9.68571,-0.129032,3.02467,-1.10017,-0.316522,4.19593,-4.97012,-0.654388,-0.294681,4.01466,0,1,1,1,
1.72,1.21853,-0.0262202,0.309993,0.0563551,0.0291195,-0.0336743,0.997418,0.935878,0.211895,0.0485911,-0.63547,0.371549,-0.326159,0.0148871,0.966066,-1.8987,0.026675,0.717788,-1.67346,-0.0139753,-0.0180712,-0.997577,-0.0704691,1.00181,-1.22981,0.859428,-5.67284,-4.56542,-0.0704396,2.86778,-0.392092,-0.258741,4.16884,-4.55011,-0.616404,-0.58756,4.53186,0,1,1,1,
1.74,1.23723,-0.0216132,0.311005,0.0489218,0.03131,-0.0373033,0.997615,0.933312,0.247033,0.0523998,-0.850443,0.143077,-0.320512,0.0268444,0.843921,-1.89648,0.0259871,0.771718,-1.66607,-0.0180778,0.0669703,-1.0829,-0.081393,0.986345,-1.12958,0.597864,-6.10725,0.110961,-0.034399,2.69652,0.369528,-0.205127,4.25207,-4.2661,-0.546197,-0.773151,5.01115,0,1,1,1,
1.76,1.25586,-0.0164097,0.312078,0.0396004,0.0307827,-0.0405978,0.997916,0.930029,0.271543,0.0546322,-1.03177,-0.160775,-0.273967,0.0426723,0.623334,-1.79455,0.0254917,0.821931,-1.64191,-0.0211656,0.155874,-1.16469,-0.0902436,0.970053,-1.02082,0.791393,-11.0293,5.09638,-0.0247697,2.51064,1.20823,-0.154388,4.44518,-4.08975,-0.442527,-0.814638,5.43836,0,1,1,1,
1.78,1.27442,-0.0108223,0.31318,0.0287468,0.0267937,-0.0431534,0.998295,0.926029,0.285425,0.0552884,-1.18058,-0.542035,-0.190732,0.0607346,0.365142,-1.58772,0.0250236,0.867888,-1.59922,-0.0231224,0.250996,-1.24499,-0.0965414,0.95585,-0.90437,0.903119,-12.9096,10.3417,-0.0234034,2.29784,2.13449,-0.0978406,4.75609,-4.01472,-0.314893,-0.710134,5.82224,0,1,1,1,
1.8,1.2929,-0.00506359,0.314279,0.0167237,0.0185687,-0.0446172,0.998692,0.921313,0.288678,0.0543683,-1.29582,-1.00313,-0.073962,0.0766314,0.129768,-1.31099,0.0246814,0.908844,-1.53594,-0.0237248,0.354989,-1.32579,-0.0965539,0.98927,-0.912896,0.794836,-11.7687,13.8361,-0.0171108,2.0478,3.16415,-0.0301204,5.19967,-4.04029,-0.000621033,1.67098,-0.426305,0,1,1,0,
1.82,1.31128,0.000668658,0.315335,0.00398564,0.00585858,-0.0448166,0.99897,0.916767,0.283513,0.0505171,-1.34944,-1.38039,0.0352776,0.0863549,-0.0338256,-1.04399,0.0247025,0.943587,-1.45107,-0.0229086,0.469372,-1.40777,-0.086246,1.10027,-1.16712,0.486179,-8.17968,13.3502,0.00105721,1.73714,4.24344,0.0408116,5.71917,-4.0987,0.515394,5.55024,-12.711,0,1,1,0,
1.84,1.32958,0.00623555,0.316272,-0.00873719,-0.00937621,-0.0441038,0.998945,0.913279,0.272141,0.0423798,-1.31375,-1.50813,0.104836,0.0881977,-0.0501679,-0.940725,0.0251183,0.970237,-1.34961,-0.0214684,0.58965,-1.48627,-0.0690936,1.19254,-1.4759,0.0921394,-0.817115,5.16327,0.0207864,1.3325,5.07267,0.0720085,6.01386,-3.92505,0.857618,4.61314,-15.4391,0,1,1,0,
1.86,1.34781,0.0115129,0.317002,-0.0206507,-0.0246007,-0.042831,0.998566,0.910849,0.254563,0.0299566,-1.1898,-1.3849,0.146849,0.0848183,0.0532299,-0.998636,0.0254078,0.987934,-1.23839,-0.020442,0.709048,-1.55538,-0.0486618,1.21064,-1.73458,-0.168971,5.16989,-2.89556,0.0144784,0.884841,5.56126,0.0513202,5.96993,-3.45537,1.02159,0.905179,-12.9344,1,1,1,0,
1.88,1.36602,0.0163767,0.317441,-0.030997,-0.0372603,-0.0412036,0.997975,0.909477,0.230777,0.0132474,-0.982398,-1.00845,0.171805,0.080678,0.150471,-1.05404,0.0247137,0.997017,-1.12481,-0.0207214,0.819635,-1.6093,-0.0291727,1.14957,-1.894,-0.207016,4.86207,-2.77023,-0.0347042,0.454165,5.67898,-0.0139716,5.52933,-2.69593,0.974453,-3.05375,-7.97055,1,1,1,0,
1.9,1.3842,0.0207026,0.317503,-0.0390769,-0.044787,-0.0393106,0.997458,0.909163,0.200784,-0.0077479,-0.697698,-0.37641,0.185295,0.0749489,0.240048,-1.11567,0.0220856,0.998941,-1.0175,-0.0228794,0.912151,-1.64246,-0.015097,1.06122,-1.94155,-0.286454,4.47884,-3.08131,-0.131409,0.0962024,5.36537,-0.1079,4.62582,-1.65845,0.703788,-4.4172,-2.37752,1,1,1,0,
1.92,1.40238,0.0243653,0.317146,-0.0444082,-0.0452369,-0.0371226,0.997298,0.908773,0.164378,-0.0265084,-0.397816,0.324638,0.209619,0.0666556,0.320994,-1.18951,0.0169159,0.995947,-0.924425,-0.0267708,0.978198,-1.65085,0.00252656,0.888888,-1.88892,-0.414664,4.04731,-3.69209,-0.258483,-0.149712,4.65379,-0.194569,3.30237,-0.419467,0.881176,-8.61671,2.63126,1,1,1,0,
1.94,1.42054,0.0272336,0.316501,-0.0471777,-0.0392017,-0.034396,0.997524,0.907175,0.121352,-0.0365135,-0.13958,0.906261,0.259696,0.0555119,0.393274,-1.27186,0.00991024,0.989041,-0.844079,-0.0307313,1.01715,-1.6356,0.0238571,0.623531,-1.72804,-0.557188,3.614,-4.11781,-0.350283,-0.345299,4.01729,-0.198025,1.94772,0.76257,1.06653,-13.2678,8.04418,1,1,1,0,
1.96,1.43866,0.0291752,0.315744,-0.0477251,-0.0279046,-0.0309206,0.997992,0.904368,0.0717066,-0.0377631,0.0784055,1.36809,0.327671,0.0418185,0.457204,-1.35726,0.00249234,0.983568,-0.789737,-0.0329698,1.03099,-1.59876,0.0414167,0.3368,-1.47332,-0.684669,3.19648,-4.26984,-0.370895,-0.273658,2.71715,-0.111928,0.691853,1.84203,0.877984,-14.3365,12.7359,1,0,1,0,
1.98,1.45671,0.0300578,0.315049,-0.0463913,-0.0125656,-0.0265542,0.998491,0.900352,0.0154415,-0.0302572,0.25643,1.71011,0.409425,0.0262691,0.513289,-1.44099,-0.00202014,1.03993,-0.964723,-0.0320925,1.02221,-1.54188,0.0516915,0.0799008,-1.17975,-0.77747,2.80427,-4.18654,-0.225624,2.81794,-8.74933,0.0438693,-0.438947,2.84393,0.513737,-12.845,14.6783,1,0,1,0,
2,1.47467,0.0297488,0.314592,-0.0435306,0.00559584,-0.0211893,0.998812,0.895128,-0.0474433,-0.0139959,0.394384,1.93248,0.503951,0.0099059,0.562191,-1.51902,-0.00506887,1.10364,-1.26511,-0.027129,0.993547,-1.46593,0.0541484,-0.0886777,-0.955631,-0.81816,2.44508,-3.90145,-0.152437,3.18581,-15.0196,0.248174,-1.43317,3.7977,0.122847,-8.42892,11.2061,1,0,1,0,
2.02,1.49251,0.028172,0.314493,-0.0394988,0.0250426,-0.0148751,0.998795,0.88945,-0.108536,0.00275754,0.495596,1.93821,0.571965,-0.00589286,0.605217,-1.58737,-0.00893689,1.11392,-1.55617,-0.0179697,0.949199,-1.37248,0.0507327,-0.0925657,-0.945196,-0.789938,2.15131,-3.41724,-0.193401,0.513834,-14.5527,0.457962,-2.21741,4.67267,-0.170788,-0.194401,0.521724,1,0,1,1,
2.04,1.51025,0.0254753,0.314651,-0.0345629,0.042966,-0.00823158,0.998445,0.884077,-0.159426,0.0117396,0.571945,1.62958,0.576812,-0.0195297,0.646117,-1.64069,-0.0151654,1.0552,-1.77613,-0.00662628,0.899572,-1.26819,0.0484783,-0.0534118,-0.988,-0.681843,2.04503,-2.66599,-0.311426,-2.93605,-10.9982,0.567173,-2.48137,5.21419,-0.112719,1.9577,-2.14021,1,0,1,1,
2.06,1.52788,0.0218629,0.31491,-0.0288715,0.0562338,-0.00195365,0.997998,0.879008,-0.200113,0.0129503,0.637645,1.00536,0.525208,-0.0296188,0.689115,-1.67332,-0.0225747,0.956989,-1.89757,0.00485858,0.857175,-1.1624,0.0485365,-0.00419577,-1.03583,-0.504453,2.14985,-1.63163,-0.370467,-4.91044,-6.0721,0.574243,-2.11984,5.2898,0.00290772,2.4608,-2.39135,1,0,1,1,
2.08,1.54541,0.0175389,0.315117,-0.0224608,0.0617056,0.00337668,0.997836,0.874242,-0.230596,0.00638963,0.705682,0.0643386,0.425468,-0.0354038,0.737589,-1.67924,-0.0273023,0.855069,-1.92204,0.0150683,0.835817,-1.06699,0.0502351,0.0641561,-1.09794,-0.289248,2.42375,-0.296184,-0.236379,-5.09603,-1.22306,0.510484,-1.06793,4.77023,0.0849313,3.4176,-3.10553,1,0,1,1,
2.1,1.56285,0.0127071,0.315114,-0.0152879,0.0562196,0.00730999,0.998275,0.86978,-0.250876,-0.00794237,0.783596,-1.19476,0.286577,-0.0370884,0.79309,-1.65159,-0.0294286,0.671486,-1.85268,0.0231506,0.851247,-0.996945,0.0527606,0.161292,-1.18315,-0.0842342,2.77502,1.3827,-0.106314,-9.17915,3.46781,0.404116,0.771542,3.50233,0.126273,4.85679,-4.26084,1,0,1,1,
2.12,1.58021,0.00754883,0.314776,-0.00729554,0.0380726,0.00964709,0.999202,0.866177,-0.264402,-0.0256833,0.86993,-2.32301,0.146873,-0.036015,0.85321,-1.58573,-0.0301226,0.460311,-1.67829,0.0289707,0.91414,-0.962442,0.0554672,0.293177,-1.29504,0.0536712,3.00598,3.2928,-0.034702,-10.5588,8.71962,0.291004,3.14464,1.72515,0.135334,6.59424,-5.59441,1,0,1,1,
2.14,1.59751,0.00215311,0.314093,0.00151158,0.0115326,0.0106896,0.999875,0.863986,-0.274619,-0.0424709,0.949065,-2.87105,0.0349785,-0.0342711,0.909797,-1.4905,-0.0302797,0.275832,-1.43273,0.0330896,1.0287,-1.03505,0.0582328,0.448867,-1.42001,0.0871937,2.82938,4.76165,-0.00785348,-9.22394,12.2781,0.205945,5.72804,-3.63049,0.13828,7.78452,-6.24824,1,0,0,1,
2.16,1.61478,-0.00341389,0.313084,0.0110045,-0.0176067,0.0107167,0.999727,0.863207,-0.281529,-0.0583051,1.00944,-2.83952,-0.0566527,-0.0330579,0.95695,-1.37912,-0.0303309,0.155032,-1.19075,0.0359321,1.1798,-1.2935,0.0611091,0.613217,-1.5421,0.0606621,2.35767,5.56907,-0.0025624,-6.04002,12.0988,0.142127,7.55478,-12.9226,0.143814,8.21751,-6.10441,1,0,0,1,
2.18,1.63204,-0.00908602,0.311767,0.0210157,-0.0435365,0.00982476,0.998782,0.86384,-0.285132,-0.0731859,1.05199,-2.22879,-0.138426,-0.032755,0.992595,-1.26613,-0.0297388,0.151306,-1.07692,0.037884,1.27873,-1.58263,0.0637455,0.769952,-1.64711,0.015145,1.78221,5.64923,0.0296085,-0.186273,5.69136,0.0975931,4.94689,-14.4563,0.131819,7.83677,-5.25065,1,0,0,1,
2.2,1.64934,-0.0147971,0.310163,0.0314513,-0.0604722,0.00788923,0.997643,0.865886,-0.285428,-0.0871134,1.08974,-1.03894,-0.223724,-0.0334717,1.01745,-1.16757,-0.0279087,0.249699,-1.12154,0.0379129,1.26796,-1.80788,0.064679,0.900179,-1.72218,-0.0358358,1.24277,4.92804,0.0915012,4.91964,-2.23092,0.00144916,-0.538963,-11.2626,0.0466739,6.51134,-3.75375,1,1,0,1,
2.22,1.66668,-0.0204511,0.308331,0.0422351,-0.0642389,0.00459789,0.99703,0.867903,-0.277924,-0.0938741,1.1033,0.256882,-0.322676,-0.0353159,1.03384,-1.09616,-0.0249476,0.336804,-1.20253,0.0344417,1.14701,-1.91984,0.0613384,0.986939,-1.75875,-0.0922097,0.819318,3.57048,0.148058,4.35524,-4.04935,-0.173563,-6.04725,-5.59798,-0.16703,4.33801,-1.82844,1,1,0,1,
2.24,1.68404,-0.0258322,0.306497,0.0528413,-0.0569436,-0.000185665,0.996978,0.868449,-0.25813,-0.0872549,1.05734,1.18715,-0.430302,-0.0380334,1.04357,-1.04598,-0.0195409,0.411035,-1.30548,0.0270024,0.998766,-1.92182,0.0526275,1.03273,-1.76142,-0.135875,0.486518,2.50933,0.270335,3.71158,-5.14764,-0.371962,-7.4122,-0.0987792,-0.435542,2.28946,-0.133238,1,1,0,1,
2.26,1.70141,-0.0306944,0.30493,0.0625844,-0.0422253,-0.00637498,0.997126,0.867525,-0.226045,-0.0672558,0.942907,1.75491,-0.532437,-0.0413602,1.04693,-1.00581,-0.0108362,0.473493,-1.41445,0.0148503,0.791203,-1.82729,0.0389621,1.04645,-1.73706,-0.166342,0.168102,2.00819,0.435233,3.12288,-5.44839,-0.607608,-10.3782,4.72646,-0.683271,0.68614,1.21776,1,1,0,1,
2.28,1.71874,-0.034792,0.303896,0.0707031,-0.0236882,-0.0136483,0.997123,0.865129,-0.18167,-0.0338768,0.746413,1.96398,-0.609987,-0.0449824,1.04338,-0.964578,0.0012449,0.526554,-1.51674,0.00379679,0.502265,-1.62476,0.0219576,1.03814,-1.69186,-0.181109,-0.177333,2.06173,0.604055,2.65307,-5.1144,-0.552674,-14.4469,10.1262,-0.850227,-0.415534,2.26029,1,1,0,1,
2.3,1.736,-0.0378793,0.303664,0.0763454,-0.0049004,-0.0214528,0.996839,0.861263,-0.125004,0.0128822,0.453372,1.81866,-0.645033,-0.0481202,1.03498,-0.92155,0.0157901,0.573831,-1.60205,-0.00126529,0.198214,-1.32968,0.00405798,1.0184,-1.63171,-0.156889,-0.420019,2.15139,0.727259,2.36385,-4.26556,-0.253104,-15.2026,14.754,-0.894979,-0.987091,3.00731,0,1,0,1,
2.32,1.75317,-0.0397638,0.304422,0.078845,0.0111678,-0.0291651,0.996398,0.855524,-0.0640803,0.0613164,0.137616,1.48952,-0.641287,-0.0440013,1.07786,-1.05708,0.0309225,0.619004,-1.66325,0.000155703,-0.0760733,-0.988129,-0.0124768,0.996431,-1.56198,0.205944,2.14408,-6.77653,0.756621,2.25866,-3.06008,0.0710498,-13.7144,17.0778,-0.826737,-1.0984,3.48676,0,1,0,1,
2.34,1.77021,-0.0404676,0.30605,0.0785752,0.023795,-0.0364982,0.995956,0.847507,-0.00693054,0.0997213,-0.117728,1.14244,-0.619902,-0.0290767,1.13966,-1.31696,0.04447,0.66346,-1.70121,0.0044088,-0.264112,-0.705298,-0.02748,0.975097,-1.48544,0.746228,3.08996,-12.9939,0.677376,2.2228,-1.89805,0.212655,-9.40191,14.1416,-0.750162,-1.06667,3.82668,0,1,0,1,
2.36,1.78706,-0.0400662,0.308344,0.0761716,0.0327999,-0.0433431,0.995612,0.837213,0.046445,0.128097,-0.31328,0.77482,-0.591887,-0.00413472,1.16194,-1.57625,0.0547843,0.707298,-1.71804,0.00599227,-0.25316,-0.699037,-0.0414874,0.955909,-1.40431,1.2471,1.11402,-12.9646,0.515712,2.19188,-0.841437,0.0791735,0.547557,0.31307,-0.700371,-0.95942,4.05674,0,1,1,1,
2.38,1.80368,-0.038635,0.311107,0.0722613,0.0379783,-0.0496719,0.995424,0.824641,0.0960462,0.146443,-0.450134,0.384134,-0.565445,0.0265307,1.12205,-1.76913,0.0608274,0.750078,-1.71532,0.00464623,-0.176931,-0.782697,-0.0552607,0.940661,-1.32092,1.53327,-1.99459,-9.6439,0.302157,2.13902,0.135744,-0.0673021,3.8115,-4.183,-0.688662,-0.762419,4.16928,0,1,1,1,
2.4,1.82003,-0.0362495,0.314135,0.0674627,0.0391043,-0.0555139,0.995408,0.809793,0.141873,0.15476,-0.529392,-0.032015,-0.545683,0.0532814,1.03945,-1.86424,0.0620434,0.791136,-1.69436,0.000713268,-0.096307,-0.86369,-0.0698031,0.931425,-1.23788,1.33754,-4.12993,-4.75562,0.0607986,2.0529,1.04803,-0.196648,4.03117,-4.04964,-0.72712,-0.461786,4.15227,0,1,1,1,
2.42,1.83606,-0.0329948,0.31726,0.062207,0.036205,-0.0608417,0.995549,0.793138,0.182486,0.157483,-0.599721,-0.392891,-0.50117,0.0659845,0.945055,-1.85954,0.058509,0.829494,-1.65658,-0.00609994,-0.0103236,-0.944067,-0.0857908,0.929401,-1.15696,0.635155,-4.71988,0.234932,-0.176718,1.91787,1.88908,-0.340661,4.29917,-4.01886,-0.799385,-0.101176,4.04584,0,1,1,1,
2.44,1.85175,-0.0289944,0.320427,0.0562171,0.0303867,-0.0652824,0.995819,0.775149,0.216444,0.159048,-0.705102,-0.616121,-0.398917,0.0757479,0.762334,-1.76711,0.0517814,0.863146,-1.60449,-0.0144474,0.0780981,-1.0213,-0.101666,0.931288,-1.07551,0.48817,-9.13605,4.62186,-0.33638,1.68259,2.60438,-0.417371,4.42109,-3.86143,-0.793741,0.0943237,4.07254,0,1,1,1,
2.46,1.86706,-0.0243814,0.323614,0.0490836,0.02302,-0.0683623,0.996186,0.755826,0.243748,0.159454,-0.83954,-0.702241,-0.239877,0.0846887,0.530525,-1.583,0.0437129,0.890364,-1.54082,-0.0225285,0.165245,-1.09228,-0.115054,0.932412,-0.989163,0.447036,-11.5905,9.20513,-0.403428,1.36094,3.18349,-0.404057,4.35735,-3.54938,-0.669438,0.0562221,4.31727,0,1,1,1,
2.48,1.88197,-0.0192889,0.326797,0.0404495,0.0154599,-0.0695933,0.996635,0.735168,0.264397,0.158702,-0.998476,-0.652886,-0.024947,0.0914162,0.302002,-1.33333,0.0360359,0.910041,-1.46819,-0.028466,0.247412,-1.1543,-0.121575,0.954228,-0.968907,0.336377,-11.4262,12.4837,-0.383847,0.98381,3.63161,-0.296876,4.10835,-3.10095,-0.326051,1.09079,1.01279,0,1,1,0,
2.5,1.89646,-0.0138499,0.329954,0.029994,0.0090317,-0.068464,0.997162,0.713175,0.278392,0.156792,-1.18039,-0.471003,0.246224,0.0943242,0.121287,-1.08531,0.0303793,0.921569,-1.3891,-0.030249,0.320757,-1.20481,-0.115532,1.03682,-1.15109,0.1454,-9.03573,12.4009,-0.282833,0.576421,3.95453,-0.0891504,3.66725,-2.52532,0.302164,4.12982,-9.10928,0,1,1,0,
2.52,1.9105,-0.00820705,0.333041,0.017653,0.00482917,-0.0646141,0.997742,0.690909,0.284313,0.150609,-1.31645,-0.219857,0.515325,0.0917334,0.053595,-0.965376,0.0279455,0.924956,-1.30596,-0.0263081,0.381983,-1.24195,-0.0976523,1.11449,-1.40173,-0.129541,-3.38461,5.9967,-0.121687,0.169352,4.15692,0.197047,3.06129,-1.85733,0.893988,3.88344,-12.5319,0,1,1,0,
2.54,1.9241,-0.00254066,0.335929,0.00433933,0.00317227,-0.0584079,0.998278,0.669428,0.280743,0.137039,-1.3399,0.0418461,0.726696,0.083921,0.10651,-1.01444,0.0282928,0.921435,-1.22134,-0.0175165,0.430551,-1.26622,-0.0728076,1.14289,-1.62709,-0.390619,2.64577,-2.45337,0.0173632,-0.176067,4.23107,0.439577,2.42839,-1.21338,1.24224,1.41984,-11.2678,1,1,1,0,
2.56,1.93728,0.00295941,0.338473,-0.00882816,0.00422685,-0.0503607,0.998683,0.648733,0.267682,0.116083,-1.25501,0.319449,0.883812,0.0746488,0.15733,-1.07228,0.0303289,0.912761,-1.13842,-0.00554369,0.466338,-1.27827,-0.0465321,1.11069,-1.77645,-0.463613,2.541,-2.89164,0.101806,-0.433662,4.14627,0.598643,1.78936,-0.602411,1.31378,-1.60978,-7.46797,1,1,1,0,
2.58,1.95005,0.00810335,0.340523,-0.0207697,0.00822054,-0.040971,0.998911,0.628825,0.245129,0.0877398,-1.06522,0.620552,0.98622,0.0630852,0.202204,-1.13409,0.0327211,0.901084,-1.06133,0.00773778,0.488945,-1.27836,-0.022503,1.03936,-1.82072,-0.578179,2.24368,-3.0906,0.11961,-0.583874,3.85454,0.664073,1.13036,-0.00446769,1.20145,-3.56662,-2.21354,1,1,1,0,
2.6,1.96244,0.0127013,0.341933,-0.0304318,0.0154555,-0.0307534,0.998944,0.609703,0.213085,0.0520099,-0.773063,0.953643,1.02878,0.0480991,0.241239,-1.20074,0.0339323,0.889067,-0.995461,0.0202466,0.497775,-1.26639,0.000197791,0.902681,-1.7618,-0.749304,1.95175,-3.33241,0.0605588,-0.600838,3.29325,0.625441,0.441473,0.598362,1.13504,-6.83405,2.94571,1,1,1,0,
2.62,1.97443,0.0165888,0.342582,-0.0370637,0.0257422,-0.0203226,0.998775,0.589787,0.175344,0.0130281,-0.471453,1.15815,0.996484,0.0290443,0.274876,-1.2715,0.0327399,0.879477,-0.945046,0.03014,0.494058,-1.24368,0.0176757,0.683764,-1.61282,-0.95274,1.68183,-3.538,-0.0596181,-0.479517,2.52072,0.494668,-0.185837,1.13546,0.873894,-10.9458,7.44912,1,1,1,0,
2.64,1.98601,0.0197024,0.34246,-0.0410314,0.0366665,-0.0105515,0.998429,0.567495,0.135703,-0.0250709,-0.239143,1.06507,0.878373,0.00784079,0.306,-1.33967,0.0297008,0.875183,-0.909798,0.0371638,0.486969,-1.21857,0.0265248,0.439072,-1.38827,-1.06018,1.55623,-3.40886,-0.151955,-0.214691,1.7624,0.351191,-0.354461,1.25546,0.442457,-12.2346,11.2274,1,0,1,0,
2.66,1.99712,0.0220042,0.341585,-0.0428627,0.0452391,-0.00240637,0.998053,0.542829,0.0941597,-0.062287,-0.0588785,0.669925,0.676572,-0.0123723,0.33886,-1.39816,0.0235929,0.933934,-1.03855,0.0413567,0.488068,-1.20171,0.0279812,0.217647,-1.13267,-1.01066,1.64299,-2.92453,-0.305395,2.93754,-6.43776,0.209646,0.0549892,0.843339,0.0728189,-11.0713,12.7799,1,0,1,0,
2.68,2.00771,0.0234561,0.339975,-0.0429817,0.0484463,0.00316887,0.997896,0.515787,0.0507155,-0.0986202,0.0802317,-0.0315939,0.397327,-0.0280451,0.378112,-1.44053,0.012468,1.03223,-1.28722,0.0426493,0.509298,-1.20411,0.025284,0.0777821,-0.938861,-0.783637,1.96258,-2.11816,-0.556247,4.91478,-12.4333,0.0646314,1.06147,-0.120264,-0.134861,-6.99323,9.69064,1,0,1,0,
2.7,2.01773,0.0240202,0.337646,-0.0417887,0.0432384,0.00529043,0.998176,0.486371,0.00537016,-0.134071,0.177721,-1.04326,0.0475787,-0.0358437,0.427899,-1.46005,-0.00217581,1.11751,-1.5402,0.0408336,0.56272,-1.2362,0.02163,0.0998541,-0.948461,-0.389933,2.48935,-0.976011,-0.732189,4.26407,-12.649,-0.090784,2.67112,-1.60418,-0.182699,1.1036,-0.479996,1,0,1,1,
2.72,2.02716,0.0236934,0.33462,-0.0397207,0.0278593,0.00351868,0.998816,0.45665,-0.0366041,-0.168283,0.238331,-1.96204,-0.269638,-0.0345476,0.489007,-1.45229,-0.0148908,1.16417,-1.73804,0.0356404,0.655228,-1.30189,0.017456,0.199237,-1.05553,0.0648082,3.05543,0.387979,-0.635748,2.33297,-9.89223,-0.259661,4.62537,-3.2847,-0.208699,4.96913,-5.35369,1,0,1,1,
2.74,2.03601,0.0226136,0.330926,-0.037121,0.00587903,-0.00101804,0.999293,0.428697,-0.0699351,-0.200903,0.271617,-2.38295,-0.455214,-0.0279533,0.55464,-1.42606,-0.0194714,1.16729,-1.85122,0.0274585,0.773599,-1.38662,0.0123362,0.314122,-1.17689,0.329712,3.28165,1.31167,-0.229033,0.155829,-5.65868,-0.409096,5.91856,-4.23655,-0.255992,5.74424,-6.06797,1,0,1,1,
2.76,2.04432,0.0209536,0.326595,-0.0342605,-0.0177754,-0.00682421,0.999232,0.402509,-0.0946228,-0.23193,0.287155,-2.30554,-0.511676,-0.019968,0.618245,-1.39467,-0.0133945,1.13314,-1.86404,0.0171971,0.899804,-1.47367,0.00647962,0.430042,-1.29698,0.399265,3.18022,1.56922,0.303846,-1.70753,-0.640895,-0.513072,6.31025,-4.35222,-0.292829,5.796,-6.0044,1,0,1,1,
2.78,2.05212,0.0188863,0.321659,-0.031255,-0.0381554,-0.0124572,0.998705,0.378089,-0.110667,-0.261364,0.304661,-1.72905,-0.443508,-0.0131488,0.676104,-1.37311,-0.000428826,1.01525,-1.79893,0.00641853,1.01556,-1.5495,0.000522443,0.533758,-1.40405,0.34096,2.89295,1.07802,0.648285,-5.89412,3.25505,-0.538927,5.78803,-3.79159,-0.297859,5.18581,-5.35359,1,0,1,1,
2.8,2.05946,0.0165846,0.316151,-0.0280313,-0.050308,-0.0165607,0.998203,0.355435,-0.118068,-0.289205,0.341859,-0.652793,-0.256114,-0.00915414,0.726499,-1.37714,0.012861,0.844386,-1.67509,-0.00240127,1.10173,-1.60332,-0.00450191,0.612353,-1.48851,0.199735,2.51975,-0.201715,0.66449,-8.54338,6.19205,-0.44099,4.30847,-2.69127,-0.251218,3.92978,-4.22267,1,0,1,1,
2.82,2.06634,0.0142027,0.31013,-0.0244479,-0.0507753,-0.0181962,0.998245,0.332409,-0.119604,-0.311147,0.387028,0.471117,-0.0397617,-0.00883673,0.768615,-1.41681,0.021318,0.66433,-1.53064,-0.00667141,1.14397,-1.62919,-0.00751877,0.656938,-1.54483,0.0158707,2.1058,-1.98349,0.422851,-9.00283,7.22262,-0.213507,2.11158,-1.29325,-0.150843,2.22923,-2.81628,1,0,1,1,
2.84,2.07274,0.011821,0.303773,-0.0205735,-0.042081,-0.0177432,0.998745,0.306875,-0.118051,-0.322882,0.412072,1.19022,0.120698,-0.0112938,0.803463,-1.48208,0.0240391,0.518301,-1.41871,-0.00648602,1.15053,-1.6341,-0.00845681,0.674895,-1.58,-0.122851,1.7424,-3.26325,0.136056,-7.30142,5.59641,0.00926929,0.328005,-0.245682,-0.0469021,0.897844,-1.75817,1,0,1,1,
2.86,2.0786,0.00950123,0.297283,-0.0166153,-0.0282463,-0.0158466,0.999337,0.278831,-0.113411,-0.32441,0.409877,1.50441,0.228661,-0.0155256,0.832235,-1.55889,0.0218251,0.453329,-1.40626,-0.00314115,1.13587,-1.62708,-0.00770714,0.677467,-1.60291,-0.211595,1.43863,-3.84046,-0.110703,-3.24859,0.622405,0.167243,-0.732981,0.350975,0.0374837,0.128606,-1.14558,1,0,1,1,
2.88,2.08387,0.00730514,0.290865,-0.0128005,-0.0133076,-0.0130888,0.999744,0.248278,-0.105683,-0.315731,0.3824,1.4131,0.287967,-0.0207209,0.856704,-1.63499,0.0164332,0.474405,-1.49845,0.00198485,1.11453,-1.61677,-0.00577059,0.675635,-1.62179,-0.259765,1.22345,-3.80488,-0.26959,1.05378,-4.60907,0.2563,-1.06671,0.515776,0.0968273,-0.0915947,-0.94424,1,1,1,1,
2.9,2.08851,0.00529449,0.284722,-0.00931207,-0.00131869,-0.00999415,0.999906,0.215215,-0.0948672,-0.296846,0.337017,0.915514,0.302158,-0.0261205,0.879549,-1.69977,0.0103318,0.498139,-1.58064,0.0077723,1.10083,-1.612,-0.00317172,0.680114,-1.64458,-0.26998,1.14222,-3.23925,-0.305073,1.18671,-4.10959,0.289372,-0.685234,0.238136,0.129944,0.22395,-1.13951,1,1,1,1,
2.92,2.09246,0.00352957,0.279072,-0.00625922,0.00468027,-0.00698605,0.999945,0.179153,-0.0811846,-0.265781,0.284989,0.318195,0.285449,-0.0310575,0.90315,-1.74597,0.00434353,0.523526,-1.64072,0.0135182,1.10504,-1.6193,-0.000358849,0.698395,-1.67653,-0.246845,1.18005,-2.31003,-0.299412,1.26932,-3.00425,0.287294,0.210729,-0.36477,0.140643,0.914046,-1.5973,1,1,1,1,
2.94,2.09565,0.00206474,0.274185,-0.00370631,0.00574,-0.00427757,0.999968,0.139601,-0.0648567,-0.220564,0.228933,-0.0719631,0.248692,-0.0352444,0.926133,-1.77567,-0.00105307,0.54934,-1.68134,0.0189813,1.12249,-1.63506,0.00246152,0.725824,-1.71297,-0.209348,1.14916,-1.48513,-0.26983,1.2907,-2.03069,0.273153,0.872609,-0.788034,0.141019,1.37144,-1.82213,1,1,1,1,
2.96,2.09802,0.000952937,0.270344,-0.00173532,0.00393257,-0.00206062,0.999989,0.0965576,-0.0458832,-0.161195,0.164765,-0.255087,0.189765,-0.038498,0.945862,-1.79273,-0.00544191,0.572312,-1.70639,0.0237638,1.14496,-1.65329,0.00500704,0.754819,-1.74707,-0.162678,0.98645,-0.852998,-0.219442,1.1486,-1.25246,0.239128,1.12326,-0.911273,0.127276,1.44977,-1.70516,1,1,1,1,
2.98,2.09949,0.000247052,0.267831,-0.000456433,0.00132874,-0.000555469,0.999999,0.050024,-0.0242643,-0.0876737,0.0890465,-0.231172,0.107058,-0.0406215,0.959628,-1.80062,-0.00839884,0.588802,-1.7192,0.0272135,1.16435,-1.66826,0.00686507,0.77781,-1.77228,-0.106175,0.68831,-0.394084,-0.147846,0.824518,-0.640657,0.172483,0.969512,-0.748865,0.0929018,1.14953,-1.26025,1,1,1,1,
3,2.1,-4.33681e-19,0.266931,-4.33681e-19,-6.93889e-18,-3.00927e-36,1,-3.18495e-15,1.56125e-15,5.80092e-15,-5.88418e-15,2.08722e-14,-7.27196e-15,-0.0413867,0.964793,-1.80255,-0.00948604,0.595114,-1.72282,0.0285357,1.17261,-1.67449,0.00757562,0.787172,-1.78213,-0.0382634,0.258233,-0.0967173,-0.0543603,0.315614,-0.181139,0.06611,0.413109,-0.311147,0.0355272,0.468114,-0.49261,1,1,1,1,
